Last Name	Suffix	Title	First Name	Middle Initial	Nickname	Sex (M/F)	BSA Id	Home Address Line 1	Home Address Line 2	Home City	Home State	Home Zip	Home Phone	Work Phone	Cell Phone	Pager	Email	Date of Birth	Employer	Occupation	Unit Leader (Y/N)	Leadership Pos #1	Leadership Pos #2	Leadership Pos #3	Leadership Pos #4
Adolf			Pam			F		1385 Fisherhawk Drive		Sunnyvale	California	94087	408.735.1603				pam@adolf94.com				N				
Adolf			Rick			M		1385 Fisherhawk Drive		Sunnyvale	California	94087	408.735.1603				rick@adolf94.com				Y				
Bapat			Pushpak			M		735 Cardigan Dr.		Sunnyvale	California	94087	408-735-1717	650-623-2547	408-431-3759		pbapat@yahoo.com				Y				
Besser			Kathy			F		1087 Yorktown Drive		Sunnyvale	California	94087	408-733-8323				khb@graystar.com				N				
Besser		Mr.	Paul	R		M	117780310	1087 Yorktown Drive		Sunnyvale	California	94087	408-733-8323		408-598-9851	408-757-7766 (Kathy)	p_besser@yahoo.com	8/15/65	GLOBALFOUNDRIES	Fellow, Technology Research	Y				
Bhargava			Aparna			F		1639 Albatross Dr.		Sunnyvale	California	94087	408-524-2774				aparna.bhargava@gmail.com				N				
Bhargava			Hersh			M		1639 Albatross Drive		Sunnyvale	California	94087	408 524 2774		408 499 6255		HARSH_BHARGAVA@hotmail.com				Y				
Cepeda			Anne			F	108677218	1143 Pomegranate Court		Sunnyvale	California	94087	408-739-4236				ishopat@sbcglobal.net				N				
Cepeda			Tony			M	108677215	1143 Pomegranate Court		Sunnyvale	California	94087	408-739-4236				ishopat@sbcglobal.net				Y				
Cheng			Zhuanfen		Jenny	F		5043 Rio Vista Ave.		San Jose	California	95129	408-557-8988		408-896-5688		zcheng84@yahoo.com, zcheng84@gmail.com				Y				
Coe			Leonard			M		1062 Lackawanna Court		Sunnyvale	California	94087	737-0845		(408)605-0739						Y				
Davidson			Linda			F		1625 Canary Drive		Sunnyvale	California	94087	408-730-0357	408-745-8274	408-823-9541		linda@scott-davidson.com				Y				
Davidson			Scott			M		1625 Canary Drive		Sunnyvale	California	94087	408-730-0357		408-823-9540		scott@scott-davidson.com, troop457calendar@gmail.com				Y				
Davis			Becky			F		722 Winstead Terrace		Sunnyvale	California	94087	(408) 245-9225				beckreil@sbcglobal.net				N				
Davis			Tad			M		722 Winstead Terrace		Sunnyvale	California	94087	(408) 245-9225		(408) 431-2737		thomas.davis@sbcglobal.net, tad_davis@hp.com				Y				
Devanathan			Sangita			F		633 E EL CAMINO REAL 101		Sunnyvale	California				408-329-2385						N				
Devanathan			Varadarajan			M		633 E EL CAMINO REAL 101		Sunnyvale	California				408-391-8207		ojasdeva@yahoo.com				N				
Dias			Antonio			M		1458 Bittern Drive		Sunnyvale	California	94087	408.730.0351	650.427.2198	408-857-0383		apdias@comcast.net				Y				
Dohse			Hans			M		1073 Sargent Dr.		Sunnyvale	California	94087	408-749-9069	408-433-1873	408-505-3047				Maskless Inc	Software Engineer	N				
Dohse			Monika			F		1073 Sargent Dr.		Sunnyvale	California	94087	408-749-9069	650-475-3100 x203	408-306-5284				Stemcells Inc		N				
Gilboa			Itzik			M		1019 Belvedere Lane		San Jose	California	95129	408-253-8367				YNGILBOA@aol.com				Y				
Gilboa			Netta			F		1019 Belvedere Lane		San Jose	California	95129	408-253-8367				YNGILBOA@aol.com				Y				
Gilboa			Roy			M				San Jose	California						gilboa.roee@gmail.com				Y				
Goel			Rachna			F				Sunnyvale	California	94087	408-737-7507		650-515-6448		goel_rachna@hotmail.com				N				
Goel			Shalabh			M				Sunnyvale	California	94087	408-737-7507		408-307-2009		shalabhgoel@yahoo.com				Y				
Goil			Pradnya			F		1434 Firebird Way		Sunnyvale	California	94087	408-735-1774		408-368-7620		pradnya_goil@yahoo.com				Y				
Goil			Sanjay			M		1434 Firebird Way		Sunnyvale	California	94087	408-735-1774		408-306-0107		sgoil@comcast.net				Y				
Gomatam			Bhanu			F		1594 Bittern Drive		Sunnyvale	California	94087	408-739-6164				bhanu_gomatam@yahoo.com				Y				
Gomatam			Venkatesh			M		1594 Bittern Drive		Sunnyvale	California	94087	408-739-6164		650-740-9768		venkatesh_gomatam@yahoo.com				Y				
Guide			Troop			M				Sunnyvale	California						prithvi_kannan@yahoo.com, celasoccer@yahoo.com				Y				
Heuchert			Mark			M		1603 Crow Court		Sunnyvale	California	94087	408-720-9650	408-853-7707			mheucher@cisco.com				Y				
Howard			Riley			M		1433 Hawk Ct.		Sunnyvale	California	94087-3501	408-732-1545		408-718-4405		rileyh@pobox.com				Y				
Howard			Susan			F		1433 Hawk Ct.		Sunnyvale	California	94087-3501	408-732-1545		408-930-1545		susanwired@pobox.com				Y				
Jammalamadaka			Kavita			F		1102 Lautrec Terr		Sunnyvale	California	94087	408-737-3947				kjammala@yahoo.com			Manager Operations	N				
Jammalamadaka			Manohar			M		1102 Lautrec Terr		Sunnyvale	California	94087	408-737-3947								N				
Jevons			Luis			M		701 Ramona Ave		Sunnyvale	California	94087	408-739-3672	408-731-5504	408-613-7198			6/19/66	Affymetrix, Inc.		Y				
Johnston			Becky			F		1353 Bobolink Circle		Sunnyvale	California	94087	408-720-8335				cbjjohnston@att.net				Y				
Kambli			Laxmidevi		Laxmi	F		453, Fulton Ct		Santa Clara	California	95051	408-732-7969	650-253-1806	408-480-6644		laxmi_kambli@yahoo.com		Google	Software Engineer	Y				
Kannan			Ashvin			M		555 Dublin Way		Sunnyvale	California	94087	408-245-1247		408-507-3362		ashvin_kannan@yahoo.com		Yahoo		Y				
Klein			Debbie			F		1151 W McKinley Ave		Sunnyvale	California	94086	408-730-0212		408-396-1728		klein160@comcast.net	8/10/69			N				
Klein			Mike			M		1151 W McKinley Ave		Sunnyvale	California	94086	408-730-0212	408-736-2056	408-396-3153		mkleinsf@yahoo.com, Michael.klein.hldr@statefarm.com	8/15/69			Y				
Kohli			Jaspal			M		1142 Shenandoah Drive		Sunnyvale	California	94087	408-736-6115	408-936-5255	408-757-7758		jaspalk@pacbell.net, jkohli@juniper.net				Y				
Kohli			Shirin			F		1142 Shenandoah Drive		Sunnyvale	California	94087	408-736-6115				shirin_kohli@pacbell.net				N				
Lukens		Mr.	Scott			M		930 Rockefeller Dr. 17b		Sunnyvale	California	94087			925.389.1614		slukens@me.com				Y				
Lyon			Angela			M		909 Bluebonner Drive		Sunnyvale	California	94086	408 736 9768		650 799 7874		akelly.lyon@gmail.com				N				
Madhugiri			Mukund	S		M	121424236			Sunnyvale	California	94087	408-481-9549		408-394-4161		madhugiri@yahoo.com, mmadhugiri@yahoo.com				Y				
Madhugiri			Sheela			F				Sunnyvale	California	94087	408-481-9549				madhugiri@yahoo.com				N				
Maletis			Joelle			F		1068 Lynn Way		Sunnyvale	California				480-4157		jrmaletis@gmail.com				N				
Maletis			Pete			M		1068 Lynn Way		Sunnyvale	California				735-0090		petemaletis@mindspring.com				Y				
Mao			Alex			M				Cupertino	California	95014					maoalex@yahoo.com				Y				
Mao			Cindy			F		10316 Denison Avenue		Cupertino	California	95014	408-996-3772				MaoCindy@Yahoo.com				Y				
Mao			Richard			M				Cupertino	California	95014	408-9963772				richmao@yahoo.com				Y				
Miltenberger			Susan			F	107959389	832 Van Dyck Ct.		Sunnyvale	California	94087	408-773-1454		408-712-0682		Sue_Gang@yahoo.com	11/19/59			Y				
Murphy			Matt			M		575 Dublin Way		Sunnyvale	California	94087	408-245-2381				matt.murphy@avagotech.com				Y				
Nakhimovsky		Mrs	Faina			F		585 Anchor Circle		Redwood City	California	94065									N				
Nakhimovsky			Samuel			M		585 anchor circle		REDWOOD CITY	California	94065	408-425-7337	4084257337	4084257337		pazan7@yahoo.com, pazan7@yahoo.com				N				
Oh			Sang Jeong			M		1276 Crescent Ter.		Sunnyvale	California	94087	408-890-9347								N				
Paik			Grace			F		1276 Crescent Ter.		Sunnyvale	California	94087	408-890-9347				ipaikkr@hotmail.com				N				
Patel			Amit			F		10561 Stokes Ave		Cupertino	California	95014	408-873-8098	408-306-7005	650-387-6978		patel_anita@yahoo.com, amit_patel@yahoo.com		VMware	Engineer	N				
Patel			Anita			F		10561 Stokes Ave		Cupertino	California	95014	408-873-8098				patel_anita@yahoo.com				N				
Patel			Sejal			F		1458 Bittern Drive		Sunnyvale	California	94087	408.730.0351		408-857-0678		sejalpatel@comcast.net				Y				
Patrol Leader			Senior		SPL	M				Sunnyvale	California						da.l3east@gmail.com				Y				
Prakash			Mahadeva			M		453, Fulton Ct		Santa Clara	California	95051	408-732-7969		408-507-3698		mpraks@yahoo.com				N				
Prasad			Priya			F		735 Cardigan Dr.		Sunnyvale	California	94087	408-735-1717				priya_prasad_1@yahoo.com				N				
Qian			Jun			F		575 Dublin Way		Sunnyvale	California	94087	408-245-2381				Jun_Qian@amat.com				N				
Ramanathan			Madhuri			F		555 Dublin Way		Sunnyvale	California	94087	408-245-1247		408-507-3368		madhuri_ram@yahoo.com				Y				
Reddy			Lavanya	D		F		1163 Kassel Terrace		Sunnyvale	California	94089	408-782-2095	408-460-5452	408-460-5452		lavanyadreddy@gmail.com				N				
Reddy			Praveen			M		1163 Kassel Terrace		Sunnyvale	California	94089									N				
Robeck		Mr.	Mitch			F		909 Bluebonner Drive		Sunnyvale	California	94086	408 736 9768		408 655-2450		mrobeck@gmail.com				N				
Sancheti			Praveena			F		4682 Snead Dr.		Santa Clara	California	95054			408-642-8280		parveensancheti@yahoo.com				Y				
Sancheti			Sahil			M		4682 Snead Dr.		Santa Clara	California	95054			408-642-8279		sahilsancheti1@gmail.com				Y				
Schneider			Jody			F				Sunnyvale	California	94087			(408) 396-0491		jody@rti.com				N				
Schneider			Stan			M				Sunnyvale	California	94087					stan@rti.com				Y				
Senior Patrol Leader			Assistant		ASPL	M				Sunnyvale	California						mockeagle@gmail.com				N				
Shoichet			Haim			M		571 Puccini Dr		Sunnyvale	California		408-701-0033				Haim.shochat@gmail.com				N				
Shoichet			Hila			F		571 Puccini Dr		Sunnyvale	California		408-701-0033		408-594-5890		hila_shochat@yahoo.com				N				
Sun			Sam			M		5043 Rio Vista Ave.		San Jose	California	95129	408-557-8988		408-896-9688		qun_sun@yahoo.com				Y				
Trek Leader			Eli			M				Sunnyvale	California						scott@scott-davidson.com				Y				
TrekLeader			Scout			M				Sunnyvale	California						scott.wilford98@gmail.com				Y				
Troop			Librarian			M				Sunnyvale	California						mockeagle@gmail.com				N				
Troop			Scribe			M				Sunnyvale	California						rebounder360@gmail.com				Y				
Uyematsu			Karen	P		F		850 Santa Paula Ave		Sunnyvale	California	94085	408.720.8283	408-588-1750	408-529-4368		kuyematsu@yahoo.com, kuyematsu@powergatellc.com		PowerGate	Sales	N				
Uyematsu			Max			M		850 Santa Paula Ave		Sunnyvale	California	94085	408.720.8283	408.529.4338			muyematsu@benkei-mgmt.com				Y				
Walters			Steve			M		1140 Keltner Ave		San Jose	California	95117	408.833 6454		510.760.8569		magic4me@pacbell.net				Y				
Wilford			Eric			M	115143429	815 Dona Ave		Sunnyvale	California	94087	408.736.3442	(408) 685-2021	(408) 431-6367		eric.wilford@gmail.com				Y				
Wilford			Mary			F	113817601	815 Dona Ave		Sunnyvale	California	94087	408.736.3442		408.368.8155		mary@wilford.name				Y				
Xiong			Yumei			F		1382 Fisherhawk Dr.		Sunnyvale	California	94087	408 736-8596				yumeixiong@yahoo.com, allen.zhang@citrix.com				N				
Yu			Alice			F		10419 Denison Avenue		Cupertino	California	95014	408-517-8986				apchiangyu@yahoo.com				N				
Yu			Thomas			M		10419 Denison Avenue		Cupertino	California	95014	408-517-8986	408-464-4362	408-464-4362		tomasyu@yahoo.com	7/31/72	Oracle Corporation	Manager	N				
Zhang			Allen			M		1382 Fisherhawk Dr.		Sunnyvale	California	94087	408 736-8596				allenazhang@yahoo.com, allen.zhang@citrix.com				Y				
Zhu			Aihong		Aimee	F		432 S. Mary Ave		Sunnyvale	California	94086	408-737-2908		408-329-3777		aimeezhu@yahoo.com, fireblize@gmail.com				Y				
Zhu			Bijin			M		432 S. Mary Ave		Sunnyvale	California	94086	408-737-2908								N				
