Last Name	Suffix	Title	First Name	Middle Initial	Nickname	Training Course	Course Date
Adolf			Pam		
Adolf			Rick			Youth Protection	10/13/10	New Leader Essentials	12/1/07	Cub Leader Basic Training	12/1/07
Bapat			Pushpak			Youth Protection	6/25/09	Troop Committee	6/14/07	Scoutmaster Training	1/29/08	New Leader Essentials	2/9/08	Den Leader Training	2/9/08	Outdoor Leader Skills	3/15/08	Weather Hazards	6/25/09	Safety Afloat	7/7/09	Safe Swim Defense	7/7/09	Climb On Safety	7/8/08	Trek Safety	7/8/08	Trek Safety	7/8/08
Besser			Kathy		
Besser		Mr.	Paul	R		Youth Protection	3/29/08	New Leader Essentials	9/20/08	Youth Protection	4/20/08
Bhargava			Aparna		
Bhargava			Hersh		
Cepeda			Anne			Youth Protection	7/29/09	Youth Protection	9/17/10
Cepeda			Tony			Youth Protection	9/28/09	Youth Protection	10/24/10	Outdoor Webelos Leader (OWL) Training	10/17/09	Youth Protection	9/28/09	Youth Protection	11/26/06	Leader Position-Specific - Webelos	10/26/10
Cheng			Zhuanfen		Jenny
Coe			Leonard		
Davidson			Linda		
Davidson			Scott			Cub Leader Basic Training	3/13/04	Den Leader Training	3/13/04	New Leader Essentials	3/13/04	Cubmaster Fast Start	11/26/06	Youth Protection	11/26/06	First Aid/CPR	5/17/10	Youth Protection	3/3/10
Davis			Becky		
Davis			Tad			Scoutmaster Training	4/1/06	Outdoor Leader Skills	6/4/06	Youth Protection	11/22/06	Boy Scout Roundtable Commissioner Training	10/5/05	Troop Committee	11/29/06	Boy Scout Leader Basic	3/3/06	Climb On Safety	3/5/05	Outdoor Webelos Leader (OWL) Training	5/5/05	Safety Afloat	3/5/05	Trek Safety	3/5/05	Commissioner Training	10/5/05	Cubmaster Fast Start	11/1/01	Merit Badge Counselor	7/15/06	Unit Commissioner	11/15/06
Devanathan			Sangita		
Devanathan			Varadarajan		
Dias			Antonio			Youth Protection	9/23/09	Fast Start: Tiger Cub Den Leader	9/23/09	This is Scouting	9/23/09
Dohse			Hans		
Dohse			Monika		
Gilboa			Itzik			Youth Protection	3/25/07	Youth Protection	7/4/09	Merit Badge Counselor	4/15/08	Weather Hazards	12/26/09	First Aid/CPR	7/19/10	Wilderness First Aid	4/11/10	Youth Protection Training - Venturing Version	3/20/11	Trek Safety	3/20/11	This is Scouting	3/20/11
Gilboa			Netta			Youth Protection	2/1/08	Troop Committee	2/2/08	Boy Scout Leader Fast Start	2/2/08	Youth Protection	1/8/10
Gilboa			Roy		
Goel			Rachna		
Goel			Shalabh		
Goil			Pradnya		
Goil			Sanjay		
Gomatam			Bhanu			Youth Protection	9/17/08	Youth Protection	11/1/10
Gomatam			Venkatesh			Youth Protection	11/1/10	Youth Protection	9/17/08
Guide			Troop		
Heuchert			Mark			Youth Protection	6/29/09
Howard			Riley			New Leader Essentials	10/8/05	Cub Leader Basic Training	10/8/05	Pow-Wow	1/21/06	Youth Protection	1/25/06	BALOO Cub Scout Leader Outdoor	4/1/06	Pow-Wow	1/20/07	Pow-Wow	1/19/08	Youth Protection	6/20/08	Outdoor Webelos Leader (OWL) Training	4/25/08	Cubmaster Fast Start	5/21/08	Cubmaster Training	5/3/08	Webelos Leader Training	12/1/07	National Camp School	2/21/09	Youth Protection	6/20/09	Boy Scout Leader Basic	9/12/09	Youth Protection	7/5/10
Howard			Susan			Youth Protection	11/1/10	Webelos Leader Training	2/14/09	Pow-Wow	1/24/09	New Leader Essentials	9/15/07	Cub Leader Basic Training	9/15/07	Safe Swim Defense	6/8/09	Youth Protection	7/4/09	Safety Afloat	6/8/09	Weather Hazards	6/30/08	Youth Protection	11/5/10	Weather Hazards	9/24/10	ScoutParents Unit Coordinator Fast Start	4/14/11	Troop Committee Challenge	4/14/11	Merit Badge Counselor	11/10/09	Safety Afloat	6/8/09	Safe Swim Defense	7/5/11	This is Scouting	9/22/09
Jammalamadaka			Kavita		
Jammalamadaka			Manohar		
Jevons			Luis			Youth Protection	3/5/06	Outdoor Leader Skills	6/4/06	Health and Safety Training	11/28/06	New Leader Essentials	3/15/06	Scoutmaster Training	4/1/06	Youth Protection	3/25/08	Safe Swim Defense	3/11/08	Safety Afloat	4/8/08	Merit Badge Counselor	7/15/06	Climb On Safety	7/8/08	Trek Safety	7/8/08	Weather Hazards	1/21/09
Johnston			Becky		
Kambli			Laxmidevi		Laxmi
Kannan			Ashvin		
Klein			Debbie			Youth Protection	11/26/07	New Leader Essentials	10/15/04	Cub Leader Basic Training	10/15/04
Klein			Mike			Scoutmaster Training	4/1/06	Outdoor Leader Skills	6/4/06	Youth Protection	4/4/11	Safe Swim Defense	3/11/09	Safety Afloat	3/11/09	Merit Badge Counselor	7/15/07	Boy Scout Leader Fast Start	6/18/08	BALOO Cub Scout Leader Outdoor	9/15/03	Outdoor Webelos Leader (OWL) Training	9/15/04	Youth Protection	11/20/06	Safe Swim Defense	11/20/06	Safety Afloat	11/20/06	Trek Safety	3/11/09	Weather Hazards	6/19/08	Climb On Safety	3/11/09	First Aid/CPR	8/24/08	Basic First Aid	8/24/08	Pediatric CPR	8/24/08
Kohli			Jaspal			Youth Protection	6/30/09
Kohli			Shirin		
Lukens		Mr.	Scott		
Lyon			Angela		
Madhugiri			Mukund	S		Youth Protection	9/22/09
Madhugiri			Sheela		
Maletis			Joelle		
Maletis			Pete		
Mao			Alex		
Mao			Cindy			Youth Protection	3/20/08
Mao			Richard		
Miltenberger			Susan			Youth Protection	11/25/06
Murphy			Matt		
Nakhimovsky		Mrs	Faina		
Nakhimovsky			Samuel		
Oh			Sang Jeong		
Paik			Grace		
Patel			Amit		
Patel			Anita		
Patel			Sejal		
Patrol Leader			Senior		SPL
Prakash			Mahadeva		
Prasad			Priya		
Qian			Jun		
Ramanathan			Madhuri		
Reddy			Lavanya	D	
Reddy			Praveen		
Robeck		Mr.	Mitch		
Sancheti			Praveena		
Sancheti			Sahil		
Schneider			Jody			Youth Protection	4/1/08	Youth Protection	11/19/10
Schneider			Stan			Youth Protection	11/14/08	New Leader Essentials	10/27/08	Cub Leader Basic Training	10/27/08	Youth Protection	11/19/10
Senior Patrol Leader			Assistant		ASPL
Shoichet			Haim		
Shoichet			Hila		
Sun			Sam		
Trek Leader			Eli		
TrekLeader			Scout		
Troop			Librarian		
Troop			Scribe		
Uyematsu			Karen	P	
Uyematsu			Max			Youth Protection	8/10/09
Walters			Steve			First Aid/CPR	6/7/10	Safe Swim Defense	3/3/10	Youth Protection	3/3/10
Wilford			Eric			Youth Protection	6/5/10	This is Scouting	3/5/10	Weather Hazards	6/6/10
Wilford			Mary			Youth Protection	8/18/08
Xiong			Yumei		
Yu			Alice		
Yu			Thomas		
Zhang			Allen			Youth Protection	5/28/09	Trek Safety	11/17/10
Zhu			Aihong		Aimee
Zhu			Bijin		
