Scout Last Name	Scout Suffix	Scout First Name	Scout Middle Initial	Scout Nickname	Scout Birthday	Father's Last Name	Father's First Name	Father's Home Phone	Father's Work Phone	Father's Cell Phone	Mother's Last Name	Mother's First Name	Mother's Phone	Mother's Work Phone	Mother's Cell Phone	Class 1 Physical	Class 2 Physical	Class 3 Physical	Allergies	Other Health Information	Emergency Contact #1	Emergency Contact #1 Relationship	Emergency Contact #1 Phone	Emergency Contact #2	Emergency Contact #2 Relationship	Emergency Contact #2 Phone	Primary Care Physician	Primary Care Physician Address	Primary Care Physician Phone	Dentist	Dentist Address	Dentist Phone	Insurance Provider	Insurance Provider Address	Insurance Provider Phone	Insurance Policy Holder	Insurance Group Number	Insurance Policy Number	Insurance Effective Date	Preferred Hospital
Adolf		Ryan			1/19/01	Adolf	Rick	408.735.1603			Adolf	Pam	408.735.1603																											
Bapat		Jaidev			3/2/96	Bapat	Pushpak	408-735-1717	650-623-2547	408-431-3759	Prasad	Priya	408-735-1717								Subodh Bapat	Uncle	650-799-8649																	
Besser		Andrew	T	Tate	8/30/99	Besser	Paul	408-733-8323		408-598-9851	Besser	Kathy	408-733-8323								Paul Besser	Dad	4085989851	Kathryn Besser	Mom	4087577766														
Besser		Dane			6/12/97	Besser	Paul	408-733-8323		408-598-9851	Besser	Kathy	408-733-8323								Paul Besser	Dad	4085989851	Kathryn Besser	Mom	4087577766														
Bhargava		Naman			10/31/00	Bhargava	Hersh	408 524 2774		408 499 6255	Bhargava	Aparna	408-524-2774																											
Cepeda		Niko				Cepeda	Tony	408-739-4236			Cepeda	Anne	408-739-4236																											
Davidson		Cole			7/24/98	Davidson	Scott	408-730-0357		408-823-9540	Davidson	Linda	408-730-0357	408-745-8274	408-823-9541																									
Davidson		Dylan			11/28/95	Davidson	Scott	408-730-0357		408-823-9540	Davidson	Linda	408-730-0357	408-745-8274	408-823-9541																									
Davidson		Ian			1/30/97	Davidson	Scott	408-730-0357		408-823-9540	Davidson	Linda	408-730-0357	408-745-8274	408-823-9541																									
Davis		James		Reilly		Davis	Tad	(408) 245-9225		(408) 431-2737	Davis	Becky	(408) 245-9225																											
Devanathan		Ojas			5/26/97	Devanathan	Varadarajan			408-391-8207	Devanathan	Sangita			408-329-2385																									
Dias		Shaylan			1/5/01	Dias	Antonio	408.730.0351	650.427.2198	408-857-0383	Patel	Sejal	408.730.0351		408-857-0678						Manu Patel	maternal grandfather	408-739-5522	Marta Dias	paternal grandmother	408-732-9080														
Dohse		Lukas		Luke	1/5/02	Dohse	Hans	408-749-9069	408-433-1873	408-505-3047	Dohse	Monika	408-749-9069	650-475-3100 x203	408-306-5284				None	None													Blue Shield of California	P.O. Box 272540, Chico, CA	800-541-6652	Hans Dohse	H12150	XEHJ03685252	2012-10-01	
Gilboa		Roy				Gilboa	Itzik	408-253-8367			Gilboa	Netta	408-253-8367																											
Goel		Aneesh			5/15/01	Goel	Shalabh	408-737-7507		408-307-2009	Goel	Rachna	408-737-7507		650-515-6448																									
Goil		Raghav			10/18/02	Goil	Sanjay	408-735-1774		408-306-0107	Goil	Pradnya	408-735-1774		408-368-7620																									
Gomatam		Chetan			1/22/97	Gomatam	Venkatesh	408-739-6164		650-740-9768	Gomatam	Bhanu	408-739-6164			3/21/08	6/10/08	6/10/08																						
Gomatam		Krishna			8/3/00	Gomatam	Venkatesh	408-739-6164		650-740-9768	Gomatam	Bhanu	408-739-6164																											
Howard		Collin			7/8/00	Howard	Riley	408-732-1545		408-718-4405	Howard	Susan	408-732-1545		408-930-1545																									
Jammalamadaka		Prabhat			1/13/01	Jammalamadaka	Manohar	408-737-3947			Jammalamadaka	Kavita	408-737-3947						Amoxcillin																					
Johnston		Alexander			8/10/02						Johnston	Becky	408-720-8335																											
Johnston		John			7/22/99						Johnston	Becky	408-720-8335																											
Kannan		Prithvi			11/11/00	Kannan	Ashvin	408-245-1247		408-507-3362	Ramanathan	Madhuri	408-245-1247		408-507-3368																									
Klein		Matthew		Matt	6/30/95	Klein	Mike	408-730-0212	408-736-2056	408-396-3153	Klein	Debbie	408-730-0212		408-396-1728																									
Klein		Nicholas		Nick		Klein	Mike	408-730-0212	408-736-2056	408-396-3153	Klein	Debbie	408-730-0212		408-396-1728																									
Kohli		Amit				Kohli	Jaspal	408-736-6115	408-936-5255	408-757-7758	Kohli	Shirin	408-736-6115																											
Kohli		Mohit				Kohli	Jaspal	408-736-6115	408-936-5255	408-757-7758	Kohli	Shirin	408-736-6115																											
Lyon		Alexander		Alex	4/24/99	Lyon	Angela	408 736 9768		650 799 7874	Robeck	Mitch	408 736 9768		408 655-2450						Kathy Besser	friends	408-757-7766	Paul Besser	friends	408-598-9851	Douglas Kaye		408-730-4251	Keith Abe		650-961-4492	Anthem Blue Cross		408-730-4262	Angela Lyon	175208H163	NCF625A73285		Camino Hospital
Madhugiri		Rahul			1/18/01	Madhugiri	Mukund	408-481-9549		408-394-4161	Madhugiri	Sheela	408-481-9549																											
Maletis		Marco			4/3/00	Maletis	Pete			735-0090	Maletis	Joelle			480-4157																									
Mao		Alexander									Mao	Cindy	408-996-3772																											
Mao		Richard									Mao	Cindy	408-996-3772			6/20/08	6/20/08	6/20/08																						
Miltenberger		Gary			5/6/96						Miltenberger	Susan	408-773-1454		408-712-0682																									
Murphy		Ben				Murphy	Matt	408-245-2381			Qian	Jun	408-245-2381																											
Nakhimovsky		Boaz			5/19/02	Nakhimovsky	Samuel	408-425-7337	4084257337	4084257337	Nakhimovsky	Faina									michael nakhimovsky	grandfather	4153781615																	
Oh		Chris			1/28/02	Oh	Sang Jeong	408-890-9347			Paik	Grace	408-890-9347																											
Patel		Anik			9/12/01						Patel	Anita	408-873-8098																											
Prakash		Jeevan			2/21/01	Prakash	Mahadeva	408-732-7969		408-507-3698	Kambli	Laxmidevi	408-732-7969	650-253-1806	408-480-6644																									
Reddy		Ashwin	D	Ash	3/24/01	Reddy	Praveen				Reddy	Lavanya	408-782-2095	408-460-5452	408-460-5452	3/19/10	3/22/11	3/31/12	None	Up to date with all the immunizations	Anoop Polu	uncle	4082014545	Rajeswari Polu	Grand mom	4087822095	Dr. Fredrick Lloyd	795 El Camino Real  Palo Alto, CA 94301	6508532992	Dr.Aurthur Yu	1021 S Wolfe Rd  Sunnyvale, CA 94086	4087308888	Anthem Blue Cross	P.O Box 60007,LosAngeles,CA 90060	8003330912	Lavanya Reddy	040	XDL850A69060	2011-05-27	PAMF
Sancheti		Sahil			2/28/97	Sancheti	Sahil			408-642-8279	Sancheti	Praveena			408-642-8280																									
Schneider		David			8/21/01	Schneider	Stan				Schneider	Jody			(408) 396-0491																									
Shoichet		Ofek			1/15/02	Shoichet	Haim	408-701-0033			Shoichet	Hila	408-701-0033		408-594-5890																									
Sun		Jeffrey				Sun	Sam	408-557-8988		408-896-9688	Cheng	Zhuanfen	408-557-8988		408-896-5688																									
Uyematsu		Alec			2/9/01	Uyematsu	Max	408.720.8283	408.529.4338		Uyematsu	Karen	408.720.8283	408-588-1750	408-529-4368																									
Wilford		Scott			5/28/98	Wilford	Eric	408.736.3442	(408) 685-2021	(408) 431-6367	Wilford	Mary	408.736.3442		408.368.8155																									
Yu		Joshua			8/30/02	Yu	Thomas	408-517-8986	408-464-4362	408-464-4362	Yu	Alice	408-517-8986																											
Zhang		Leroy				Zhang	Allen	408 736-8596			Xiong	Yumei	408 736-8596																											
Zhu		Jason			11/29/00	Zhu	Bijin	408-737-2908			Zhu	Aihong	408-737-2908		408-329-3777																									
