Last Name	Suffix	Nickname (or First Name)	Scout Requirement 1	Scout Requirement 2	Scout Requirement 3	Scout Requirement 4	Scout Requirement 5	Scout Requirement 6	Scout Requirement 7	Scout Requirement 8	Scout Requirement 9	Scout Requirement 10	Scout Rank	Tenderfoot Requirement 1	Tenderfoot Requirement 2	Tenderfoot Requirement 3	Tenderfoot Requirement 4a	Tenderfoot Requirement 4b	Tenderfoot Requirement 4c	Tenderfoot Requirement 5	Tenderfoot Requirement 6	Tenderfoot Requirement 7	Tenderfoot Requirement 8	Tenderfoot Requirement 9	Tenderfoot Requirement 10a	Tenderfoot Requirement 10b	Tenderfoot Requirement 11	Tenderfoot Requirement 12a	Tenderfoot Requirement 12b	Tenderfoot Requirement 13	Tenderfoot Requirement 14	Tenderfoot Requirement 15	Tenderfoot	Second Class Requirement 1a	Second Class Requirement 1b	Second Class Requirement 2	Second Class Requirement 3a	Second Class Requirement 3b	Second Class Requirement 3c	Second Class Requirement 3d	Second Class Requirement 3e	Second Class Requirement 3f	Second Class Requirement 3g	Second Class Requirement 4	Second Class Requirement 5	Second Class Requirement 6	Second Class Requirement 7a	Second Class Requirement 7b	Second Class Requirement 7c	Second Class Requirement 8a	Second Class Requirement 8b	Second Class Requirement 8c	Second Class Requirement 9a	Second Class Requirement 9b	Second Class Requirement 10	Second Class Requirement 11	Second Class Requirement 12	Second Class Requirement 13	Second Class	First Class 1	First Class 2	First Class 3	First Class 4a	First Class 4b	First Class 4c	First Class 4d	First Class 4e	First Class 5	First Class 6	First Class 7a	First Class 7b	First Class 8a	First Class 8b	First Class 8c	First Class 8d	First Class 9a	First Class 9b	First Class 9c	First Class 10	First Class 11	First Class 12	First Class 13	First Class 14	First Class	Star Requirement 1	Star Requirement 2	Star Requirement 4	Star Requirement 5	Star Requirement 6	Star Requirement 7	Star	Life Requirement 1	Life Requirement 2	Life Requirement 4	Life Requirement 5	Life Requirement 6	Life Requirement 7	Life Requirement 8	Life	Eagle Requirement 1	Eagle Requirement 2	Eagle Requirement 4	Eagle Requirement 5	Eagle Requirement 6	Eagle Requirement 7	Eagle	Bronze Palm Requirement 1	Bronze Palm Requirement 2	Bronze Palm Requirement 3	Bronze Palm Requirement 5	Bronze Palm Requirement 6	Bronze Palm	Gold Palm Requirement 1	Gold Palm Requirement 2	Gold Palm Requirement 3	Gold Palm Requirement 5	Gold Palm Requirement 6	Gold Palm	Silver Palm Requirement 1	Silver Palm Requirement 2	Silver Palm Requirement 3	Silver Palm Requirement 5	Silver Palm Requirement 6	Silver Palm
Adolf		Ryan																																											6/23/12																																																																															
Bapat		Jaidev	5/5/07	5/5/07	5/5/07	5/5/07	5/5/07	5/5/07	5/5/07	5/5/07	5/5/07			4/7/07	4/29/07	12/16/07	12/15/07	9/30/07		12/6/07	4/29/07	5/3/07	6/28/07		10/4/07	12/13/07	1/6/08	11/29/07	1/3/08	1/10/08				12/16/07	3/29/08		10/4/07	3/29/08	4/29/07	3/29/08	3/29/08	4/29/07	4/29/07	12/6/07	10/6/07	3/29/08	3/6/08	2/14/08	2/28/08	12/13/07	4/18/08	3/30/08	1/10/08			4/10/08				3/29/08	12/16/07	3/29/08	3/30/08	5/24/08	3/29/08	3/30/08	3/30/08	5/22/08	4/13/08	4/13/08	5/24/08	3/30/08	5/8/08	5/8/08	5/1/08	5/24/08	4/10/08	6/12/08	5/22/08		7/3/08																																											
Besser		Tate																																											8/28/10																																																																															
Besser		Dane																																											9/3/08																																																																															
Bhargava		Naman																																											6/23/12																																																																															
Cepeda		Niko																																											3/1/08																																																																															
Davidson		Cole																																											4/28/09																																																																															
Davidson		Dylan	4/1/07	4/1/07	4/1/07	4/1/07	4/1/07	4/1/07	4/1/07	4/1/07	4/1/07	4/1/07	4/1/07	11/8/07	11/8/07	11/8/07	11/8/07	11/8/07		11/8/07	11/8/07	11/8/07	11/8/07		11/8/07	11/8/07	11/8/07	11/8/07	11/8/07	11/8/07															10/6/07																																																																															
Davidson		Ian																																											6/14/08																																																																															
Davis		Reilly	6/25/08	6/25/08	6/25/08	6/25/08	6/25/08	6/25/08	6/25/08	6/25/08	6/25/08	6/25/08	6/25/08	6/25/08	6/25/08	6/25/08	6/25/08	6/25/08	3/2/11	6/25/08	6/25/08	6/25/08	6/25/08	3/2/11	6/25/08	6/25/08	6/25/08	6/25/08	6/25/08	6/25/08	6/25/08	6/25/08	6/25/08	6/25/08	6/25/08	3/2/11	6/25/08	6/25/08	6/25/08	6/25/08	6/25/08	6/25/08	6/25/08	6/25/08	8/7/07	6/25/08	6/25/08	6/25/08	6/25/08	6/25/08	6/25/08	6/25/08	6/25/08	3/2/11	3/2/11	6/25/08	6/25/08	6/25/08	6/25/08	6/25/08	6/25/08	6/25/08	6/25/08	6/25/08	6/25/08	6/25/08	6/25/08	6/25/08	6/25/08	6/25/08	6/25/08	6/25/08	6/25/08	6/25/08	6/25/08	6/25/08	6/25/08	6/25/08	6/25/08	3/2/11	6/25/08	6/25/08	6/25/08	6/25/08	6/25/08	6/25/08	9/8/08	6/25/08	6/25/08	6/25/08	6/25/08	3/2/11	3/2/11	9/8/08	3/2/11	3/2/11	3/2/11	3/2/11	3/2/11																									
Devanathan		Ojas																																											8/7/07																																																																															
Dias		Shaylan																																											3/25/12																																																																															
Dohse		Luke																																																																																																																										
Gilboa		Roy	3/15/07	3/15/07	3/15/07	3/15/07	3/22/07	3/22/07	3/29/07	3/29/07	4/5/07	4/5/07	4/5/07	6/21/07	4/26/07	4/26/07	4/28/07	5/24/07		8/2/07	7/4/07	7/4/07	5/31/07		6/28/07	6/28/07	8/25/07	6/28/07	7/4/07	8/25/07	8/25/07	9/13/07	9/13/07	9/30/07	11/1/07		9/30/07	6/10/07	4/29/07	9/30/07	8/23/07	4/29/07	4/29/07	11/17/07	8/7/07	11/17/07	11/17/07	9/30/07	11/17/07	6/7/07	6/2/07	8/25/07	4/1/07			11/17/07	11/17/07	11/18/07	11/18/07	10/11/07	1/15/07	9/30/07	9/30/07	9/30/07	9/30/07	9/30/07	9/30/07	12/20/07	11/15/07	11/15/07	12/16/07	12/16/07	9/30/07	1/4/08	12/6/07	11/17/07	6/2/07	8/15/07	1/10/08		1/10/08	1/10/08	1/10/08	1/10/08			3/1/08																																					
Goel		Aneesh																																											6/23/12																																																																															
Goil		Raghav																																																																																																																										
Gomatam		Chetan																																											7/14/08																																																																															
Gomatam		Krishna																																											6/30/12																																																																															
Howard		Collin																																											6/23/12																																																																															
Jammalamadaka		Prabhat																																											2/16/13																																																																															
Johnston		Alexander																																																																																																																										
Johnston		John																																											10/30/10																																																																															
Kannan		Prithvi																																											4/16/11																																																																															
Klein		Matt	4/13/06	4/13/06	4/13/06	4/13/06	4/13/06	4/13/06	4/13/06	4/13/06	4/13/06	4/13/06	4/13/06	9/28/06	9/28/06	9/28/06	9/28/06	9/28/06		9/28/06	9/28/06	9/28/06	9/28/06		9/28/06	9/28/06	9/28/06	9/28/06	9/28/06	9/28/06	9/28/06	9/28/06	9/28/06	11/9/06	11/9/06		11/9/06	11/9/06	11/9/06	11/9/06	11/9/06	11/9/06	11/9/06	11/9/06	8/7/07	11/9/06	11/9/06	11/9/06	11/9/06	11/9/06	11/9/06	11/9/06	11/9/06			11/9/06	11/9/06	11/9/06	11/9/06	8/23/08	8/23/08	8/23/08	8/23/08	8/23/08	8/23/08	8/23/08	8/23/08	8/23/08	8/23/08	8/23/08	8/23/08	8/23/08	8/23/08	8/23/08	8/23/08	8/23/08	8/23/08	8/23/08	8/23/08		8/23/08	8/23/08	8/23/08	8/23/08	1/10/08	1/10/08	11/21/09	1/10/08				7/31/08	7/31/08		7/31/08																													
Klein		Nick																																											11/21/09																																																																															
Kohli		Amit																																											10/26/09																																																																															
Kohli		Mohit																																											10/6/07																																																																															
Lyon		Alex																																																																																																																										
Madhugiri		Rahul																																											6/23/12																																																																															
Maletis		Marco																																											9/17/11																																																																															
Mao		Alexander	3/29/07	3/29/07	3/29/07	3/29/07	3/29/07	3/29/07	3/29/07	3/29/07	3/29/07			4/7/07	4/17/07	4/17/07	4/28/07	4/19/07		4/12/07	4/29/07	9/28/07	5/31/07		4/12/07	10/11/07	10/11/07	9/30/07	3/24/07	10/11/07				11/1/07	11/1/07		10/4/07	4/27/07	4/29/07	11/17/07	11/17/07	4/29/07	4/27/07	11/15/07	10/6/07	11/8/07	11/8/07	11/1/07	11/8/07	6/7/07	6/2/07	6/7/07	10/18/07			11/18/07				12/13/07	12/13/07	11/8/07	11/18/07	11/17/07	11/17/07	11/17/07	11/18/07	12/13/07	11/17/07	11/17/07	12/15/07	10/4/07	11/8/07	12/6/07	11/29/07	12/6/07	6/2/07	6/7/07	11/15/07		12/15/07				5/22/08	5/22/08		7/23/08																																				
Mao		Richard	3/20/08	3/20/08	3/20/08	3/20/08	3/20/08	3/20/08	3/20/08	3/20/08	3/29/08			3/30/08	3/29/08	3/30/08	3/30/08	3/30/08		3/30/08	3/30/08	3/30/08	3/30/08		6/19/08	6/19/08	5/28/08	5/28/08	6/12/08	6/21/08				6/26/08	6/26/08		6/26/08	5/28/08	5/28/08	5/28/08	6/20/08	6/20/08	3/30/08	7/8/08	6/23/08	6/26/08	6/26/08	3/30/08	7/3/08	6/19/08	6/19/08	6/19/08	7/7/08			7/8/08				7/31/08	7/31/08	7/31/08						7/31/08	7/17/08	7/17/08		3/30/08	7/7/08	7/11/08	7/3/08	6/25/08	6/26/08	6/26/08	7/17/08																																													
Miltenberger		Gary																																											7/24/07																																																																															
Murphy		Ben																																											10/6/07																																																																															
Nakhimovsky		Boaz																																																																																																																										
Oh		Chris																																																																																																																										
Patel		Anik																																											3/25/12																																																																															
Prakash		Jeevan																																											10/13/12																																																																															
Reddy		Ash																																											2/16/13																																																																															
Sancheti		Sahil	9/8/09	9/8/09	9/10/09	8/14/09	9/14/09	9/14/09	9/14/09	7/21/09	7/21/09	7/22/09	9/14/09	3/20/10	3/21/10	3/20/10	4/29/10	3/21/10	3/2/10	3/24/10	4/29/10	3/21/10	4/29/10	3/20/10	4/29/10	4/24/10	3/25/10	3/21/10	4/29/10	5/6/10	5/6/10	5/13/10	5/13/10	5/29/10	4/28/10	4/28/10	7/1/10	4/28/10	7/13/10	7/13/10	5/28/10	5/28/10	5/29/10	7/15/10	1/11/10	5/28/10	6/10/10	5/28/10	4/28/10	6/24/10	7/12/10	7/21/10	7/1/10	7/1/10	7/1/10	7/22/10	7/22/10	7/29/10	7/29/10	7/17/10	7/17/10	7/22/10	7/22/10	5/28/10	7/8/10	5/28/10	5/29/10	7/22/10	5/28/10	7/1/10	7/15/10	6/24/10	6/24/10	7/1/10	6/24/10	4/5/10	7/11/10	7/21/10	7/8/10	7/21/10	7/21/10	4/22/10	8/5/10	8/5/10	12/2/10	12/2/10	4/16/11	11/14/10	12/3/10	12/16/10	4/16/11			12/15/12																														
Schneider		David																																																																																																																										
Shoichet		Ofek																																																																																																																										
Sun		Jeffrey																																											9/17/11																																																																															
Uyematsu		Alec	3/22/12	3/22/12	3/22/12	3/22/12	3/22/12	3/22/12	3/22/12	3/22/12	3/22/12	3/22/12	3/22/12	3/18/12	3/18/12	3/18/12	5/4/12	3/18/12	3/18/12	3/29/12	5/17/12	3/22/12	5/10/12	3/22/12	4/12/12	4/12/12	3/22/12	3/22/12	4/26/12	4/12/12	5/31/12	5/31/12	5/31/12	6/28/12	6/14/12	5/20/12	6/7/12	5/10/12	6/26/12	6/16/12	6/26/12	6/26/12	6/16/12	6/14/12	3/24/12	6/9/12	6/21/12	5/3/12	5/31/12	6/9/12	5/18/12	6/27/12	6/24/12	4/5/12	4/12/12		6/28/12	7/5/12	7/5/12			7/5/12						7/12/12	7/12/12	7/12/12	7/12/12	5/10/12	7/1/12	7/1/12	7/1/12	7/5/12	7/8/12	7/8/12	7/5/12	7/8/12																																												
Wilford		Scott	3/19/09	3/19/09	3/19/09	3/19/09	3/19/09	3/19/09	3/19/09	3/19/09	3/19/09	3/19/09	3/19/09	3/26/09	3/29/09	3/29/09	9/27/09	9/10/09		9/27/09	9/17/09	11/21/00	5/21/09		8/17/09	9/17/09	9/29/09	9/27/09	3/29/09	3/12/09	3/12/09	1/7/10	1/7/10	12/3/09	11/29/09	11/28/11	12/9/09	10/29/09	10/29/09	1/16/10	3/28/09		3/28/09	12/10/09	9/14/09	1/7/10	1/4/10	9/26/09	7/31/09	10/29/09	10/8/09	10/8/09	10/29/09	10/29/09	11/28/11	1/21/10	1/21/10	1/28/10	1/28/10																								2/11/10	2/11/10	10/18/10	10/13/11	10/30/10			10/29/11																																		
Yu		Joshua																																																																																																																										
Zhang		Leroy																																											4/18/08																																																																															
Zhu		Jason																																											6/30/12																																																																															
