Adolf		Ryan
Bapat		Jaidev
Besser		Tate
Besser		Dane
Bhargava		Naman
Cepeda		Niko
Davidson		Cole
Davidson		Dylan	Scout	4/1/07
Davidson		Ian
Davis		Reilly	First Class	6/25/08	Weather	6/25/08	Citizenship in the Nation	3/2/11	Citizenship in the World	6/25/08	Second Class	6/25/08	Camping	6/25/08	Citizenship in the Community	3/2/11	Carpentry (100th Anniversary Commemorative)	3/2/11	Fish and Wildlife Management	6/25/08	Star	6/25/08	Tenderfoot	6/25/08	Life	3/2/11	Indian Lore	6/25/08	Mammal Study	6/25/08	Leatherwork	6/25/08	Scout	6/25/08	Art	6/25/08	Plant Science	6/25/08	Pottery	6/25/08	Basketry	6/25/08	Rifle Shooting	6/25/08	Archery	6/25/08	Personal Management	3/2/11	Personal Fitness	3/2/11	Small-Boat Sailing	3/2/11	Emergency Preparedness	6/25/08	Environmental Science	6/25/08	Communications	3/2/11	First Aid	6/25/08	Family Life	3/2/11	Climbing	3/2/11	Swimming	6/25/08
Devanathan		Ojas
Dias		Shaylan
Dohse		Luke
Gilboa		Roy	Tenderfoot	9/13/07	First Class	1/10/08	Second Class	11/18/07	Rowing	6/7/07	Canoeing	9/16/07	Rifle Shooting	6/7/07	Scout	4/5/07	Swimming	6/28/07
Goel		Aneesh
Goil		Raghav
Gomatam		Chetan
Gomatam		Krishna
Howard		Collin
Jammalamadaka		Prabhat
Johnston		Alexander
Johnston		John
Kannan		Prithvi
Klein		Matt	Art	7/8/06	First Class	8/23/08	Citizenship in the Nation	5/15/08	Citizenship in the World	7/17/07	Camping	7/15/08	Second Class	11/9/06	Tenderfoot	9/28/06	Personal Fitness	5/18/08	Lifesaving	7/15/08	Environmental Science	7/17/07	Communications	7/17/07	First Aid	7/15/08	Indian Lore	9/17/07	Leatherwork	7/8/06	Scout	4/13/06	Coin Collecting	10/26/06	Swimming	7/17/07
Klein		Nick
Kohli		Amit
Kohli		Mohit
Lyon		Alex
Madhugiri		Rahul
Maletis		Marco
Mao		Alexander	Wood Carving	7/7/07	Emergency Preparedness	8/7/08	Pioneering	7/17/08	First Aid	7/17/08	Swimming	7/17/08
Mao		Richard	Wood Carving	7/17/08	Emergency Preparedness	8/7/08	First Aid	7/17/08	Swimming	7/17/08
Miltenberger		Gary
Murphy		Ben
Nakhimovsky		Boaz
Oh		Chris
Patel		Anik
Prakash		Jeevan
Reddy		Ash
Sancheti		Sahil	Art	7/18/10	Wood Carving	6/14/10	Astronomy	7/18/10	Wilderness Survival	7/18/10	First Class	8/5/10	Geology	7/18/10	Citizenship in the World	10/11/10	Pathfinding (100th Anniversary Commemorative)	6/22/10	Second Class	7/29/10	Carpentry (100th Anniversary Commemorative)	6/22/10	Pulp and Paper	7/18/10	Archaeology	7/18/10	Star	4/16/11	Tenderfoot	5/13/10	Emergency Preparedness	11/27/10	Environmental Science	7/18/10	Orienteering	7/18/10	First Aid	7/18/10	Scout	9/14/09
Schneider		David
Shoichet		Ofek
Sun		Jeffrey
Uyematsu		Alec	Tenderfoot	5/31/12	First Aid	7/12/12	Geocaching	7/12/12	Second Class	7/5/12	Pulp and Paper	7/12/12	Leatherwork	7/12/12	Archery	7/12/12	Scout	3/22/12
Wilford		Scott	Tenderfoot	1/7/10	Emergency Preparedness	10/6/11	First Class	2/11/10	First Aid	8/12/10	Citizenship in the World	7/14/11	Second Class	1/28/10	Rifle Shooting	7/14/11	Scout	3/19/09	Swimming	9/10/09
Yu		Joshua
Zhang		Leroy
Zhu		Jason
